ID_MUNIC,MUNIC,DRS,NM_DRS,RRAS,CODRS,NM_RS,GVE,NM_GVE
355030,Sao Paulo,1,DRS I - CAPITAL,6,35016,São Paulo,1,CAPITAL
351380,Diadema,1,DRS I - CAPITAL,1,35015,Grande ABC,7,SANTO ANDRÉ
352940,Maua,1,DRS I - CAPITAL,1,35015,Grande ABC,7,SANTO ANDRÉ
354330,Ribeirao Pires,1,DRS I - CAPITAL,1,35015,Grande ABC,7,SANTO ANDRÉ
354410,Rio Grande da Serra,1,DRS I - CAPITAL,1,35015,Grande ABC,7,SANTO ANDRÉ
354780,Santo Andre,1,DRS I - CAPITAL,1,35015,Grande ABC,7,SANTO ANDRÉ
354870,Sao Bernardo do Campo,1,DRS I - CAPITAL,1,35015,Grande ABC,7,SANTO ANDRÉ
354880,Sao Caetano do Sul,1,DRS I - CAPITAL,1,35015,Grande ABC,7,SANTO ANDRÉ
350390,Aruja,1,DRS I - CAPITAL,2,35011,Alto do Tietê,8,MOGI DAS CRUZES
350660,Biritiba-Mirim,1,DRS I - CAPITAL,2,35011,Alto do Tietê,8,MOGI DAS CRUZES
351570,Ferraz de Vasconcelos,1,DRS I - CAPITAL,2,35011,Alto do Tietê,8,MOGI DAS CRUZES
351830,Guararema,1,DRS I - CAPITAL,2,35011,Alto do Tietê,8,MOGI DAS CRUZES
351880,Guarulhos,1,DRS I - CAPITAL,2,35011,Alto do Tietê,8,MOGI DAS CRUZES
352310,Itaquaquecetuba,1,DRS I - CAPITAL,2,35011,Alto do Tietê,8,MOGI DAS CRUZES
353060,Mogi das Cruzes,1,DRS I - CAPITAL,2,35011,Alto do Tietê,8,MOGI DAS CRUZES
353980,Poa,1,DRS I - CAPITAL,2,35011,Alto do Tietê,8,MOGI DAS CRUZES
354500,Salesopolis,1,DRS I - CAPITAL,2,35011,Alto do Tietê,8,MOGI DAS CRUZES
354680,Santa Isabel,1,DRS I - CAPITAL,2,35011,Alto do Tietê,8,MOGI DAS CRUZES
355250,Suzano,1,DRS I - CAPITAL,2,35011,Alto do Tietê,8,MOGI DAS CRUZES
350900,Caieiras,1,DRS I - CAPITAL,3,35012,Franco da Rocha,9,FRANCO DA ROCHA
350920,Cajamar,1,DRS I - CAPITAL,3,35012,Franco da Rocha,9,FRANCO DA ROCHA
351630,Francisco Morato,1,DRS I - CAPITAL,3,35012,Franco da Rocha,9,FRANCO DA ROCHA
351640,Franco da Rocha,1,DRS I - CAPITAL,3,35012,Franco da Rocha,9,FRANCO DA ROCHA
352850,Mairipora,1,DRS I - CAPITAL,3,35012,Franco da Rocha,9,FRANCO DA ROCHA
350570,Barueri,1,DRS I - CAPITAL,5,35014,Rota dos Bandeirantes,10,OSASCO
351060,Carapicuiba,1,DRS I - CAPITAL,5,35014,Rota dos Bandeirantes,10,OSASCO
351300,Cotia,1,DRS I - CAPITAL,4,35013,Mananciais,10,OSASCO
351500,Embu,1,DRS I - CAPITAL,4,35013,Mananciais,10,OSASCO
351510,Embu-Guacu,1,DRS I - CAPITAL,4,35013,Mananciais,10,OSASCO
352220,Itapecerica da Serra,1,DRS I - CAPITAL,4,35013,Mananciais,10,OSASCO
352250,Itapevi,1,DRS I - CAPITAL,5,35014,Rota dos Bandeirantes,10,OSASCO
352500,Jandira,1,DRS I - CAPITAL,5,35014,Rota dos Bandeirantes,10,OSASCO
352620,Juquitiba,1,DRS I - CAPITAL,4,35013,Mananciais,10,OSASCO
353440,Osasco,1,DRS I - CAPITAL,5,35014,Rota dos Bandeirantes,10,OSASCO
353910,Pirapora do Bom Jesus,1,DRS I - CAPITAL,5,35014,Rota dos Bandeirantes,10,OSASCO
354730,Santana de Parnaiba,1,DRS I - CAPITAL,5,35014,Rota dos Bandeirantes,10,OSASCO
354995,Lourenco da Serra,1,DRS I - CAPITAL,4,35013,Mananciais,10,OSASCO
355280,Taboao da Serra,1,DRS I - CAPITAL,4,35013,Mananciais,10,OSASCO
355645,Vargem Grande Paulista,1,DRS I - CAPITAL,4,35013,Mananciais,10,OSASCO
350280,Aracatuba,2,DRS II - ARAÇATUBA,19,35021,Central do DRS II,11,ARAÇATUBA
350420,Auriflama,2,DRS II - ARAÇATUBA,19,35021,Central do DRS II,11,ARAÇATUBA
350620,Bento de Abreu,2,DRS II - ARAÇATUBA,19,35021,Central do DRS II,11,ARAÇATUBA
350640,Bilac,2,DRS II - ARAÇATUBA,19,35021,Central do DRS II,11,ARAÇATUBA
351820,Guararapes,2,DRS II - ARAÇATUBA,19,35021,Central do DRS II,11,ARAÇATUBA
351890,Guzolandia,2,DRS II - ARAÇATUBA,19,35021,Central do DRS II,11,ARAÇATUBA
353286,Nova Castilho,2,DRS II - ARAÇATUBA,19,35021,Central do DRS II,11,ARAÇATUBA
353330,Nova Luzitania,2,DRS II - ARAÇATUBA,19,35021,Central do DRS II,11,ARAÇATUBA
354440,Rubiacea,2,DRS II - ARAÇATUBA,19,35021,Central do DRS II,11,ARAÇATUBA
354805,Santo Antonio do Aracangua,2,DRS II - ARAÇATUBA,19,35021,Central do DRS II,11,ARAÇATUBA
355630,Valparaiso,2,DRS II - ARAÇATUBA,19,35021,Central do DRS II,11,ARAÇATUBA
350110,Alto Alegre,2,DRS II - ARAÇATUBA,19,35023,Consórcios do DRS II,11,ARAÇATUBA
350440,Avanhandava,2,DRS II - ARAÇATUBA,19,35023,Consórcios do DRS II,11,ARAÇATUBA
350510,Barbosa,2,DRS II - ARAÇATUBA,19,35023,Consórcios do DRS II,11,ARAÇATUBA
350650,Birigui,2,DRS II - ARAÇATUBA,19,35023,Consórcios do DRS II,11,ARAÇATUBA
350770,Brauna,2,DRS II - ARAÇATUBA,19,35023,Consórcios do DRS II,11,ARAÇATUBA
350775,Brejo Alegre,2,DRS II - ARAÇATUBA,19,35023,Consórcios do DRS II,11,ARAÇATUBA
350810,Buritama,2,DRS II - ARAÇATUBA,19,35023,Consórcios do DRS II,11,ARAÇATUBA
351190,Clementina,2,DRS II - ARAÇATUBA,19,35023,Consórcios do DRS II,11,ARAÇATUBA
351250,Coroados,2,DRS II - ARAÇATUBA,19,35023,Consórcios do DRS II,11,ARAÇATUBA
351650,Gabriel Monteiro,2,DRS II - ARAÇATUBA,19,35023,Consórcios do DRS II,11,ARAÇATUBA
351710,Glicerio,2,DRS II - ARAÇATUBA,19,35023,Consórcios do DRS II,11,ARAÇATUBA
352725,Lourdes,2,DRS II - ARAÇATUBA,19,35023,Consórcios do DRS II,11,ARAÇATUBA
352770,Luiziania,2,DRS II - ARAÇATUBA,19,35023,Consórcios do DRS II,11,ARAÇATUBA
353730,Penapolis,2,DRS II - ARAÇATUBA,19,35023,Consórcios do DRS II,11,ARAÇATUBA
353770,Piacatu,2,DRS II - ARAÇATUBA,19,35023,Consórcios do DRS II,11,ARAÇATUBA
354840,Santopolis do Aguapei,2,DRS II - ARAÇATUBA,19,35023,Consórcios do DRS II,11,ARAÇATUBA
355520,Turiuba,2,DRS II - ARAÇATUBA,19,35023,Consórcios do DRS II,11,ARAÇATUBA
350210,Andradina,2,DRS II - ARAÇATUBA,19,35022,Lagos do DRS II,11,ARAÇATUBA
351100,Castilho,2,DRS II - ARAÇATUBA,19,35022,Lagos do DRS II,11,ARAÇATUBA
351780,Guaracai,2,DRS II - ARAÇATUBA,19,35022,Lagos do DRS II,11,ARAÇATUBA
352044,Ilha Solteira,2,DRS II - ARAÇATUBA,19,35022,Lagos do DRS II,11,ARAÇATUBA
352300,Itapura,2,DRS II - ARAÇATUBA,19,35022,Lagos do DRS II,11,ARAÇATUBA
352650,Lavinia,2,DRS II - ARAÇATUBA,19,35022,Lagos do DRS II,11,ARAÇATUBA
353010,Mirandopolis,2,DRS II - ARAÇATUBA,19,35022,Lagos do DRS II,11,ARAÇATUBA
353210,Murutinga do Sul,2,DRS II - ARAÇATUBA,19,35022,Lagos do DRS II,11,ARAÇATUBA
353320,Nova Independencia,2,DRS II - ARAÇATUBA,19,35022,Lagos do DRS II,11,ARAÇATUBA
353740,Pereira Barreto,2,DRS II - ARAÇATUBA,19,35022,Lagos do DRS II,11,ARAÇATUBA
355230,Sud Mennucci,2,DRS II - ARAÇATUBA,19,35022,Lagos do DRS II,11,ARAÇATUBA
355255,Suzanapolis,2,DRS II - ARAÇATUBA,19,35022,Lagos do DRS II,11,ARAÇATUBA
350170,Americo Brasiliense,3,DRS III - ARARAQUARA,18,35031,Central do DRS III,12,ARARAQUARA
350320,Araraquara,3,DRS III - ARARAQUARA,18,35031,Central do DRS III,12,ARARAQUARA
350670,Boa Esperanca do Sul,3,DRS III - ARARAQUARA,18,35031,Central do DRS III,12,ARARAQUARA
351685,Gaviao Peixoto,3,DRS III - ARARAQUARA,18,35031,Central do DRS III,12,ARARAQUARA
353205,Motuca,3,DRS III - ARARAQUARA,18,35031,Central do DRS III,12,ARARAQUARA
354370,Rincao,3,DRS III - ARARAQUARA,18,35031,Central do DRS III,12,ARARAQUARA
354690,Santa Lucia,3,DRS III - ARARAQUARA,18,35031,Central do DRS III,12,ARARAQUARA
355475,Trabiju,3,DRS III - ARARAQUARA,18,35031,Central do DRS III,12,ARARAQUARA
351370,Descalvado,3,DRS III - ARARAQUARA,18,35032,Coração do DRS III,12,ARARAQUARA
351430,Dourado,3,DRS III - ARARAQUARA,18,35032,Coração do DRS III,12,ARARAQUARA
351930,Ibate,3,DRS III - ARARAQUARA,18,35032,Coração do DRS III,12,ARARAQUARA
354070,Porto Ferreira,3,DRS III - ARARAQUARA,18,35032,Coração do DRS III,12,ARARAQUARA
354290,Ribeirao Bonito,3,DRS III - ARARAQUARA,18,35032,Coração do DRS III,12,ARARAQUARA
354890,Sao Carlos,3,DRS III - ARARAQUARA,18,35032,Coração do DRS III,12,ARARAQUARA
350740,Borborema,3,DRS III - ARARAQUARA,18,35033,Noroeste DRS III,12,ARARAQUARA
351010,Candido Rodrigues,3,DRS III - ARARAQUARA,18,35033,Noroeste DRS III,12,ARARAQUARA
351400,Dobrada,3,DRS III - ARARAQUARA,18,35033,Noroeste DRS III,12,ARARAQUARA
351960,Ibitinga,3,DRS III - ARARAQUARA,18,35033,Noroeste DRS III,12,ARARAQUARA
352270,Itapolis,3,DRS III - ARARAQUARA,18,35033,Noroeste DRS III,12,ARARAQUARA
352930,Matao,3,DRS III - ARARAQUARA,18,35033,Noroeste DRS III,12,ARARAQUARA
353290,Nova Europa,3,DRS III - ARARAQUARA,18,35033,Noroeste DRS III,12,ARARAQUARA
354650,Santa Ernestina,3,DRS III - ARARAQUARA,18,35033,Noroeste DRS III,12,ARARAQUARA
355270,Tabatinga,3,DRS III - ARARAQUARA,18,35033,Noroeste DRS III,12,ARARAQUARA
355370,Taquaritinga,3,DRS III - ARARAQUARA,18,35033,Noroeste DRS III,12,ARARAQUARA
350400,Assis,9,DRS IX - MARÍLIA,10,35092,Assis,13,ASSIS
350630,Bernardino de Campos,9,DRS IX - MARÍLIA,10,35094,Ourinhos,13,ASSIS
350720,Bora,9,DRS IX - MARÍLIA,10,35092,Assis,13,ASSIS
351000,Candido Mota,9,DRS IX - MARÍLIA,10,35092,Assis,13,ASSIS
351015,Canitar,9,DRS IX - MARÍLIA,10,35094,Ourinhos,13,ASSIS
351330,Cruzalia,9,DRS IX - MARÍLIA,10,35092,Assis,13,ASSIS
351519,Espirito Santo do Turvo,9,DRS IX - MARÍLIA,10,35094,Ourinhos,13,ASSIS
351610,Florinia,9,DRS IX - MARÍLIA,10,35092,Assis,13,ASSIS
351950,Ibirarema,9,DRS IX - MARÍLIA,10,35092,Assis,13,ASSIS
352090,Ipaussu,9,DRS IX - MARÍLIA,10,35094,Ourinhos,13,ASSIS
352790,Lutecia,9,DRS IX - MARÍLIA,10,35092,Assis,13,ASSIS
352880,Maracai,9,DRS IX - MARÍLIA,10,35092,Assis,13,ASSIS
353380,Oleo,9,DRS IX - MARÍLIA,10,35094,Ourinhos,13,ASSIS
353470,Ourinhos,9,DRS IX - MARÍLIA,10,35094,Ourinhos,13,ASSIS
353530,Palmital,9,DRS IX - MARÍLIA,10,35092,Assis,13,ASSIS
353550,Paraguacu Paulista,9,DRS IX - MARÍLIA,10,35092,Assis,13,ASSIS
353715,Pedrinhas Paulista,9,DRS IX - MARÍLIA,10,35092,Assis,13,ASSIS
353970,Platina,9,DRS IX - MARÍLIA,10,35092,Assis,13,ASSIS
354320,Ribeirao do Sul,9,DRS IX - MARÍLIA,10,35094,Ourinhos,13,ASSIS
354540,Salto Grande,9,DRS IX - MARÍLIA,10,35094,Ourinhos,13,ASSIS
354640,Santa Cruz do Rio Pardo,9,DRS IX - MARÍLIA,10,35094,Ourinhos,13,ASSIS
355050,Sao  Pedro do Turvo,9,DRS IX - MARÍLIA,10,35094,Ourinhos,13,ASSIS
355395,Taruma,9,DRS IX - MARÍLIA,10,35092,Assis,13,ASSIS
355460,Timburi,9,DRS IX - MARÍLIA,10,35094,Ourinhos,13,ASSIS
355720,Chavantes,9,DRS IX - MARÍLIA,10,35094,Ourinhos,13,ASSIS
350090,Altair,5,DRS V - BARRETOS,13,35051,Norte - Barretos,14,BARRETOS
350550,Barretos,5,DRS V - BARRETOS,13,35051,Norte - Barretos,14,BARRETOS
350610,Bebedouro,5,DRS V - BARRETOS,13,35052,Sul - Barretos,14,BARRETOS
350930,Cajobi,5,DRS V - BARRETOS,13,35051,Norte - Barretos,14,BARRETOS
351200,Colina,5,DRS V - BARRETOS,13,35051,Norte - Barretos,14,BARRETOS
351210,Colombia,5,DRS V - BARRETOS,13,35051,Norte - Barretos,14,BARRETOS
351740,Guaira,5,DRS V - BARRETOS,13,35051,Norte - Barretos,14,BARRETOS
351790,Guaraci,5,DRS V - BARRETOS,13,35051,Norte - Barretos,14,BARRETOS
352420,Jaborandi,5,DRS V - BARRETOS,13,35051,Norte - Barretos,14,BARRETOS
353150,Monte Azul Paulista,5,DRS V - BARRETOS,13,35052,Sul - Barretos,14,BARRETOS
353390,Olimpia,5,DRS V - BARRETOS,13,35051,Norte - Barretos,14,BARRETOS
355190,Severinia,5,DRS V - BARRETOS,13,35051,Norte - Barretos,14,BARRETOS
355310,Taiacu,5,DRS V - BARRETOS,13,35052,Sul - Barretos,14,BARRETOS
355320,Taiuva,5,DRS V - BARRETOS,13,35052,Sul - Barretos,14,BARRETOS
355365,Taquaral,5,DRS V - BARRETOS,13,35052,Sul - Barretos,14,BARRETOS
355440,Terra Roxa,5,DRS V - BARRETOS,13,35052,Sul - Barretos,14,BARRETOS
355680,Viradouro,5,DRS V - BARRETOS,13,35052,Sul - Barretos,14,BARRETOS
355690,Vista Alegre do Alto,5,DRS V - BARRETOS,13,35052,Sul - Barretos,14,BARRETOS
350070,Agudos,6,DRS VI - BAURU,9,35062,Bauru,15,BAURU
350340,Arealva,6,DRS VI - BAURU,9,35062,Bauru,15,BAURU
350430,Avai,6,DRS VI - BAURU,9,35062,Bauru,15,BAURU
350470,Balbinos,6,DRS VI - BAURU,9,35062,Bauru,15,BAURU
350520,Bariri,6,DRS VI - BAURU,9,35064,Jau,15,BAURU
350530,Barra Bonita,6,DRS VI - BAURU,9,35064,Jau,15,BAURU
350600,Bauru,6,DRS VI - BAURU,9,35062,Bauru,15,BAURU
350680,Bocaina,6,DRS VI - BAURU,9,35064,Jau,15,BAURU
350730,Boraceia,6,DRS VI - BAURU,9,35064,Jau,15,BAURU
350745,Borebi,6,DRS VI - BAURU,9,35062,Bauru,15,BAURU
350790,Brotas,6,DRS VI - BAURU,9,35064,Jau,15,BAURU
350830,Cabralia Paulista,6,DRS VI - BAURU,9,35062,Bauru,15,BAURU
350880,Cafelandia,6,DRS VI - BAURU,9,35065,Lins,15,BAURU
351410,Dois Corregos,6,DRS VI - BAURU,9,35064,Jau,15,BAURU
351450,Duartina,6,DRS VI - BAURU,9,35062,Bauru,15,BAURU
351700,Getulina,6,DRS VI - BAURU,9,35065,Lins,15,BAURU
351720,Guaicara,6,DRS VI - BAURU,9,35065,Lins,15,BAURU
351910,Iacanga,6,DRS VI - BAURU,9,35062,Bauru,15,BAURU
352000,Igaracu do Tiete,6,DRS VI - BAURU,9,35064,Jau,15,BAURU
352200,Itaju,6,DRS VI - BAURU,9,35064,Jau,15,BAURU
352290,Itapui,6,DRS VI - BAURU,9,35064,Jau,15,BAURU
352530,Jau,6,DRS VI - BAURU,9,35064,Jau,15,BAURU
352680,Lencois Paulista,6,DRS VI - BAURU,9,35062,Bauru,15,BAURU
352710,Lins,6,DRS VI - BAURU,9,35065,Lins,15,BAURU
352750,Lucianopolis,6,DRS VI - BAURU,9,35062,Bauru,15,BAURU
352800,Macatuba,6,DRS VI - BAURU,9,35062,Bauru,15,BAURU
352980,Mineiros do Tiete,6,DRS VI - BAURU,9,35064,Jau,15,BAURU
353657,Paulistania,6,DRS VI - BAURU,9,35062,Bauru,15,BAURU
353670,Pederneiras,6,DRS VI - BAURU,9,35062,Bauru,15,BAURU
353890,Pirajui,6,DRS VI - BAURU,9,35062,Bauru,15,BAURU
353940,Piratininga,6,DRS VI - BAURU,9,35062,Bauru,15,BAURU
354010,Pongai,6,DRS VI - BAURU,9,35065,Lins,15,BAURU
354110,Presidente Alves,6,DRS VI - BAURU,9,35062,Bauru,15,BAURU
354160,PromisSao,6,DRS VI - BAURU,9,35065,Lins,15,BAURU
354250,Reginopolis,6,DRS VI - BAURU,9,35062,Bauru,15,BAURU
354460,Sabino,6,DRS VI - BAURU,9,35065,Lins,15,BAURU
355470,Torrinha,6,DRS VI - BAURU,9,35064,Jau,15,BAURU
355590,Uru,6,DRS VI - BAURU,9,35065,Lins,15,BAURU
350055,Aguas de Santa Barbara,6,DRS VI - BAURU,9,35061,Vale do Jurumirim,16,BOTUCATU
350230,Anhembi,6,DRS VI - BAURU,9,35063,Polo Cuesta,16,BOTUCATU
350310,Arandu,6,DRS VI - BAURU,9,35061,Vale do Jurumirim,16,BOTUCATU
350360,Areiopolis,6,DRS VI - BAURU,9,35063,Polo Cuesta,16,BOTUCATU
350450,Avare,6,DRS VI - BAURU,9,35061,Vale do Jurumirim,16,BOTUCATU
350500,Barao de Antonina,6,DRS VI - BAURU,9,35061,Vale do Jurumirim,16,BOTUCATU
350690,Bofete,6,DRS VI - BAURU,9,35063,Polo Cuesta,16,BOTUCATU
350750,Botucatu,6,DRS VI - BAURU,9,35063,Polo Cuesta,16,BOTUCATU
351140,Cerqueira Cesar,6,DRS VI - BAURU,9,35061,Vale do Jurumirim,16,BOTUCATU
351230,Conchas,6,DRS VI - BAURU,9,35063,Polo Cuesta,16,BOTUCATU
351260,Coronel Macedo,6,DRS VI - BAURU,9,35061,Vale do Jurumirim,16,BOTUCATU
351540,Fartura,6,DRS VI - BAURU,9,35061,Vale do Jurumirim,16,BOTUCATU
351925,Iaras,6,DRS VI - BAURU,9,35061,Vale do Jurumirim,16,BOTUCATU
352180,Itai,6,DRS VI - BAURU,9,35061,Vale do Jurumirim,16,BOTUCATU
352280,Itaporanga,6,DRS VI - BAURU,9,35061,Vale do Jurumirim,16,BOTUCATU
352350,Itatinga,6,DRS VI - BAURU,9,35063,Polo Cuesta,16,BOTUCATU
352640,Laranjal Paulista,6,DRS VI - BAURU,9,35063,Polo Cuesta,16,BOTUCATU
352860,Manduri,6,DRS VI - BAURU,9,35061,Vale do Jurumirim,16,BOTUCATU
353580,Paranapanema,6,DRS VI - BAURU,9,35061,Vale do Jurumirim,16,BOTUCATU
353610,Pardinho,6,DRS VI - BAURU,9,35063,Polo Cuesta,16,BOTUCATU
353750,Pereiras,6,DRS VI - BAURU,9,35063,Polo Cuesta,16,BOTUCATU
353880,Piraju,6,DRS VI - BAURU,9,35061,Vale do Jurumirim,16,BOTUCATU
354050,Porangaba,6,DRS VI - BAURU,9,35063,Polo Cuesta,16,BOTUCATU
354105,Pratania,6,DRS VI - BAURU,9,35063,Polo Cuesta,16,BOTUCATU
355010,Sao  Manuel,6,DRS VI - BAURU,9,35063,Polo Cuesta,16,BOTUCATU
355120,Sarutaia,6,DRS VI - BAURU,9,35061,Vale do Jurumirim,16,BOTUCATU
355300,Taguai,6,DRS VI - BAURU,9,35061,Vale do Jurumirim,16,BOTUCATU
355380,Taquarituba,6,DRS VI - BAURU,9,35061,Vale do Jurumirim,16,BOTUCATU
355420,Tejupa,6,DRS VI - BAURU,9,35061,Vale do Jurumirim,16,BOTUCATU
355465,Torre de Pedra,6,DRS VI - BAURU,9,35063,Polo Cuesta,16,BOTUCATU
350050,Aguas de Lindoia,7,DRS VII - CAMPINAS,15,35074,Circuito das Águas,17,CAMPINAS
350160,Americana,7,DRS VII - CAMPINAS,15,35072,Região Metropolitana de Campinas,17,CAMPINAS
350190,Amparo,7,DRS VII - CAMPINAS,15,35074,Circuito das Águas,17,CAMPINAS
350380,Artur Nogueira,7,DRS VII - CAMPINAS,15,35072,Região Metropolitana de Campinas,17,CAMPINAS
350410,Atibaia,7,DRS VII - CAMPINAS,16,35071,Bragança,17,CAMPINAS
350710,Bom Jesus dos Perdoes,7,DRS VII - CAMPINAS,16,35071,Bragança,17,CAMPINAS
350760,Braganca Paulista,7,DRS VII - CAMPINAS,16,35071,Bragança,17,CAMPINAS
350840,Cabreuva,7,DRS VII - CAMPINAS,16,35073,Jundiaí,17,CAMPINAS
350950,Campinas,7,DRS VII - CAMPINAS,15,35072,Região Metropolitana de Campinas,17,CAMPINAS
350960,Campo Limpo Paulista,7,DRS VII - CAMPINAS,16,35073,Jundiaí,17,CAMPINAS
351280,Cosmopolis,7,DRS VII - CAMPINAS,15,35072,Região Metropolitana de Campinas,17,CAMPINAS
351905,Holambra,7,DRS VII - CAMPINAS,15,35072,Região Metropolitana de Campinas,17,CAMPINAS
351907,Hortolandia,7,DRS VII - CAMPINAS,15,35072,Região Metropolitana de Campinas,17,CAMPINAS
352050,Indaiatuba,7,DRS VII - CAMPINAS,15,35072,Região Metropolitana de Campinas,17,CAMPINAS
352340,Itatiba,7,DRS VII - CAMPINAS,15,35072,Região Metropolitana de Campinas,17,CAMPINAS
352400,Itupeva,7,DRS VII - CAMPINAS,16,35073,Jundiaí,17,CAMPINAS
352470,Jaguariuna,7,DRS VII - CAMPINAS,15,35072,Região Metropolitana de Campinas,17,CAMPINAS
352520,Jarinu,7,DRS VII - CAMPINAS,16,35073,Jundiaí,17,CAMPINAS
352550,Joanopolis,7,DRS VII - CAMPINAS,16,35071,Bragança,17,CAMPINAS
352590,Jundiai,7,DRS VII - CAMPINAS,16,35073,Jundiaí,17,CAMPINAS
352700,Lindoia,7,DRS VII - CAMPINAS,15,35074,Circuito das Águas,17,CAMPINAS
352730,Louveira,7,DRS VII - CAMPINAS,16,35073,Jundiaí,17,CAMPINAS
353120,Monte Alegre do Sul,7,DRS VII - CAMPINAS,15,35074,Circuito das Águas,17,CAMPINAS
353180,Monte Mor,7,DRS VII - CAMPINAS,15,35072,Região Metropolitana de Campinas,17,CAMPINAS
353200,Morungaba,7,DRS VII - CAMPINAS,15,35072,Região Metropolitana de Campinas,17,CAMPINAS
353240,Nazare Paulista,7,DRS VII - CAMPINAS,16,35071,Bragança,17,CAMPINAS
353340,Nova Odessa,7,DRS VII - CAMPINAS,15,35072,Região Metropolitana de Campinas,17,CAMPINAS
353650,Paulinia,7,DRS VII - CAMPINAS,15,35072,Região Metropolitana de Campinas,17,CAMPINAS
353680,Pedra Bela,7,DRS VII - CAMPINAS,16,35071,Bragança,17,CAMPINAS
353710,Pedreira,7,DRS VII - CAMPINAS,15,35072,Região Metropolitana de Campinas,17,CAMPINAS
353820,Pinhalzinho,7,DRS VII - CAMPINAS,16,35071,Bragança,17,CAMPINAS
353860,Piracaia,7,DRS VII - CAMPINAS,16,35071,Bragança,17,CAMPINAS
354580,Santa Barbara dOeste,7,DRS VII - CAMPINAS,15,35072,Região Metropolitana de Campinas,17,CAMPINAS
354800,Santo Antonio de Posse,7,DRS VII - CAMPINAS,15,35072,Região Metropolitana de Campinas,17,CAMPINAS
355160,Serra Negra,7,DRS VII - CAMPINAS,15,35074,Circuito das Águas,17,CAMPINAS
355210,Socorro,7,DRS VII - CAMPINAS,16,35071,Bragança,17,CAMPINAS
355240,Sumare,7,DRS VII - CAMPINAS,15,35072,Região Metropolitana de Campinas,17,CAMPINAS
355495,Tuiuti,7,DRS VII - CAMPINAS,16,35071,Bragança,17,CAMPINAS
355620,Valinhos,7,DRS VII - CAMPINAS,15,35072,Região Metropolitana de Campinas,17,CAMPINAS
355635,Vargem,7,DRS VII - CAMPINAS,16,35071,Bragança,17,CAMPINAS
355650,Varzea Paulista,7,DRS VII - CAMPINAS,16,35073,Jundiaí,17,CAMPINAS
355670,Vinhedo,7,DRS VII - CAMPINAS,15,35072,Região Metropolitana de Campinas,17,CAMPINAS
350300,Aramina,8,DRS VIII - FRANCA,13,35083,Alta Mogiana,18,FRANCA
350820,Buritizal,8,DRS VIII - FRANCA,13,35083,Alta Mogiana,18,FRANCA
351320,Cristais Paulista,8,DRS VIII - FRANCA,13,35081,Três Colinas,18,FRANCA
351620,Franca,8,DRS VIII - FRANCA,13,35081,Três Colinas,18,FRANCA
351770,Guara,8,DRS VIII - FRANCA,13,35083,Alta Mogiana,18,FRANCA
352010,Igarapava,8,DRS VIII - FRANCA,13,35083,Alta Mogiana,18,FRANCA
352130,Ipua,8,DRS VIII - FRANCA,13,35082,Alta Anhanguera,18,FRANCA
352370,Itirapua,8,DRS VIII - FRANCA,13,35081,Três Colinas,18,FRANCA
352410,Ituverava,8,DRS VIII - FRANCA,13,35083,Alta Mogiana,18,FRANCA
352540,Jeriquara,8,DRS VIII - FRANCA,13,35081,Três Colinas,18,FRANCA
352970,Miguelopolis,8,DRS VIII - FRANCA,13,35083,Alta Mogiana,18,FRANCA
353190,Morro Agudo,8,DRS VIII - FRANCA,13,35082,Alta Anhanguera,18,FRANCA
353360,Nuporanga,8,DRS VIII - FRANCA,13,35082,Alta Anhanguera,18,FRANCA
353430,Orlandia,8,DRS VIII - FRANCA,13,35082,Alta Anhanguera,18,FRANCA
353630,Patrocinio Paulista,8,DRS VIII - FRANCA,13,35081,Três Colinas,18,FRANCA
353700,Pedregulho,8,DRS VIII - FRANCA,13,35081,Três Colinas,18,FRANCA
354270,Restinga,8,DRS VIII - FRANCA,13,35081,Três Colinas,18,FRANCA
354310,Ribeirao Corrente,8,DRS VIII - FRANCA,13,35081,Três Colinas,18,FRANCA
354360,Rifaina,8,DRS VIII - FRANCA,13,35081,Três Colinas,18,FRANCA
354490,Sales Oliveira,8,DRS VIII - FRANCA,13,35082,Alta Anhanguera,18,FRANCA
354940,Sao Joaquim da Barra,8,DRS VIII - FRANCA,13,35082,Alta Anhanguera,18,FRANCA
354950,Sao Jose da Bela Vista,8,DRS VIII - FRANCA,13,35081,Três Colinas,18,FRANCA
350010,Adamantina,9,DRS IX - MARÍLIA,10,35091,Adamantina,19,MARÍLIA
350140,Alvaro de Carvalho,9,DRS IX - MARÍLIA,10,35093,Marília,19,MARÍLIA
350150,Alvinlandia,9,DRS IX - MARÍLIA,10,35093,Marília,19,MARÍLIA
350335,Arco-iris,9,DRS IX - MARÍLIA,10,35095,Tupã,19,MARÍLIA
350580,Bastos,9,DRS IX - MARÍLIA,10,35095,Tupã,19,MARÍLIA
350980,Campos Novos Paulista,9,DRS IX - MARÍLIA,10,35093,Marília,19,MARÍLIA
351470,Echapora,9,DRS IX - MARÍLIA,10,35093,Marília,19,MARÍLIA
351565,Fernao,9,DRS IX - MARÍLIA,10,35093,Marília,19,MARÍLIA
351600,Florida Paulista,9,DRS IX - MARÍLIA,10,35091,Adamantina,19,MARÍLIA
351660,Galia,9,DRS IX - MARÍLIA,10,35093,Marília,19,MARÍLIA
351670,Garca,9,DRS IX - MARÍLIA,10,35093,Marília,19,MARÍLIA
351730,Guaimbe,9,DRS IX - MARÍLIA,10,35093,Marília,19,MARÍLIA
351810,Guaranta,9,DRS IX - MARÍLIA,10,35093,Marília,19,MARÍLIA
351900,Herculandia,9,DRS IX - MARÍLIA,10,35095,Tupã,19,MARÍLIA
351920,Iacri,9,DRS IX - MARÍLIA,10,35095,Tupã,19,MARÍLIA
352080,Inubia Paulista,9,DRS IX - MARÍLIA,10,35091,Adamantina,19,MARÍLIA
352580,Julio Mesquita,9,DRS IX - MARÍLIA,10,35093,Marília,19,MARÍLIA
352740,Lucelia,9,DRS IX - MARÍLIA,10,35091,Adamantina,19,MARÍLIA
352780,Lupercio,9,DRS IX - MARÍLIA,10,35093,Marília,19,MARÍLIA
352890,Mariapolis,9,DRS IX - MARÍLIA,10,35091,Adamantina,19,MARÍLIA
352900,Marilia,9,DRS IX - MARÍLIA,10,35093,Marília,19,MARÍLIA
353370,Ocaucu,9,DRS IX - MARÍLIA,10,35093,Marília,19,MARÍLIA
353410,Oriente,9,DRS IX - MARÍLIA,10,35093,Marília,19,MARÍLIA
353450,Oscar Bressane,9,DRS IX - MARÍLIA,10,35093,Marília,19,MARÍLIA
353460,Osvaldo Cruz,9,DRS IX - MARÍLIA,10,35091,Adamantina,19,MARÍLIA
353490,Pacaembu,9,DRS IX - MARÍLIA,10,35091,Adamantina,19,MARÍLIA
353600,Parapua,9,DRS IX - MARÍLIA,10,35095,Tupã,19,MARÍLIA
354000,Pompeia,9,DRS IX - MARÍLIA,10,35093,Marília,19,MARÍLIA
354085,Pracinha,9,DRS IX - MARÍLIA,10,35091,Adamantina,19,MARÍLIA
354180,Queiroz,9,DRS IX - MARÍLIA,10,35095,Tupã,19,MARÍLIA
354200,Quintana,9,DRS IX - MARÍLIA,10,35093,Marília,19,MARÍLIA
354380,Rinopolis,9,DRS IX - MARÍLIA,10,35095,Tupã,19,MARÍLIA
354470,Sagres,9,DRS IX - MARÍLIA,10,35091,Adamantina,19,MARÍLIA
354510,Salmourao,9,DRS IX - MARÍLIA,10,35091,Adamantina,19,MARÍLIA
355500,Tupa,9,DRS IX - MARÍLIA,10,35095,Tupã,19,MARÍLIA
355550,Ubirajara,9,DRS IX - MARÍLIA,10,35093,Marília,19,MARÍLIA
355660,Vera Cruz,9,DRS IX - MARÍLIA,10,35093,Marília,19,MARÍLIA
350060,Aguas de Sao Pedro,10,DRS X - PIRACICABA,14,35103,Piracicaba,20,PIRACICABA
350200,Analandia,10,DRS X - PIRACICABA,14,35104,Rio Claro,20,PIRACICABA
350330,Araras,10,DRS X - PIRACICABA,14,35101,Araras,20,PIRACICABA
351040,Capivari,10,DRS X - PIRACICABA,14,35103,Piracicaba,20,PIRACICABA
351170,Charqueada,10,DRS X - PIRACICABA,14,35103,Piracicaba,20,PIRACICABA
351220,Conchal,10,DRS X - PIRACICABA,14,35101,Araras,20,PIRACICABA
351240,Cordeiropolis,10,DRS X - PIRACICABA,14,35102,Limeira,20,PIRACICABA
351270,Corumbatai,10,DRS X - PIRACICABA,14,35104,Rio Claro,20,PIRACICABA
351490,Elias Fausto,10,DRS X - PIRACICABA,14,35103,Piracicaba,20,PIRACICABA
351515,Engenheiro Coelho,10,DRS X - PIRACICABA,14,35102,Limeira,20,PIRACICABA
352110,Ipeuna,10,DRS X - PIRACICABA,14,35104,Rio Claro,20,PIRACICABA
352140,Iracemapolis,10,DRS X - PIRACICABA,14,35102,Limeira,20,PIRACICABA
352360,Itirapina,10,DRS X - PIRACICABA,14,35104,Rio Claro,20,PIRACICABA
352670,Leme,10,DRS X - PIRACICABA,14,35101,Araras,20,PIRACICABA
352690,Limeira,10,DRS X - PIRACICABA,14,35102,Limeira,20,PIRACICABA
353090,Mombuca,10,DRS X - PIRACICABA,14,35103,Piracicaba,20,PIRACICABA
353870,Piracicaba,10,DRS X - PIRACICABA,14,35103,Piracicaba,20,PIRACICABA
353930,Pirassununga,10,DRS X - PIRACICABA,14,35101,Araras,20,PIRACICABA
354210,Rafard,10,DRS X - PIRACICABA,14,35103,Piracicaba,20,PIRACICABA
354390,Rio Claro,10,DRS X - PIRACICABA,14,35104,Rio Claro,20,PIRACICABA
354400,Rio das Pedras,10,DRS X - PIRACICABA,14,35103,Piracicaba,20,PIRACICABA
354515,Saltinho,10,DRS X - PIRACICABA,14,35103,Piracicaba,20,PIRACICABA
354620,Santa Cruz da Conceicao,10,DRS X - PIRACICABA,14,35101,Araras,20,PIRACICABA
354670,Santa Gertrudes,10,DRS X - PIRACICABA,14,35104,Rio Claro,20,PIRACICABA
354700,Santa Maria da Serra,10,DRS X - PIRACICABA,14,35103,Piracicaba,20,PIRACICABA
355040,Sao Pedro,10,DRS X - PIRACICABA,14,35103,Piracicaba,20,PIRACICABA
350080,Alfredo Marcondes,11,DRS XI - PRESIDENTE PRUDENTE,11,35112,Alta Sorocabana,21,PRESIDENTE PRUDENTE
350130,Alvares Machado,11,DRS XI - PRESIDENTE PRUDENTE,11,35112,Alta Sorocabana,21,PRESIDENTE PRUDENTE
350240,Anhumas,11,DRS XI - PRESIDENTE PRUDENTE,11,35112,Alta Sorocabana,21,PRESIDENTE PRUDENTE
350890,Caiabu,11,DRS XI - PRESIDENTE PRUDENTE,11,35112,Alta Sorocabana,21,PRESIDENTE PRUDENTE
351512,Emilianopolis,11,DRS XI - PRESIDENTE PRUDENTE,11,35112,Alta Sorocabana,21,PRESIDENTE PRUDENTE
351530,Estrela do Norte,11,DRS XI - PRESIDENTE PRUDENTE,11,35112,Alta Sorocabana,21,PRESIDENTE PRUDENTE
351990,Iepe,11,DRS XI - PRESIDENTE PRUDENTE,11,35113,Alto Capivari,21,PRESIDENTE PRUDENTE
352060,Indiana,11,DRS XI - PRESIDENTE PRUDENTE,11,35112,Alta Sorocabana,21,PRESIDENTE PRUDENTE
352560,Joao Ramalho,11,DRS XI - PRESIDENTE PRUDENTE,11,35113,Alto Capivari,21,PRESIDENTE PRUDENTE
352920,Martinopolis,11,DRS XI - PRESIDENTE PRUDENTE,11,35112,Alta Sorocabana,21,PRESIDENTE PRUDENTE
353215,Nantes,11,DRS XI - PRESIDENTE PRUDENTE,11,35113,Alto Capivari,21,PRESIDENTE PRUDENTE
353220,Narandiba,11,DRS XI - PRESIDENTE PRUDENTE,11,35112,Alta Sorocabana,21,PRESIDENTE PRUDENTE
353920,Pirapozinho,11,DRS XI - PRESIDENTE PRUDENTE,11,35112,Alta Sorocabana,21,PRESIDENTE PRUDENTE
354120,Presidente Bernardes,11,DRS XI - PRESIDENTE PRUDENTE,11,35112,Alta Sorocabana,21,PRESIDENTE PRUDENTE
354140,Presidente Prudente,11,DRS XI - PRESIDENTE PRUDENTE,11,35112,Alta Sorocabana,21,PRESIDENTE PRUDENTE
354170,Quata,11,DRS XI - PRESIDENTE PRUDENTE,11,35113,Alto Capivari,21,PRESIDENTE PRUDENTE
354220,Rancharia,11,DRS XI - PRESIDENTE PRUDENTE,11,35113,Alto Capivari,21,PRESIDENTE PRUDENTE
354240,Regente Feijo,11,DRS XI - PRESIDENTE PRUDENTE,11,35112,Alta Sorocabana,21,PRESIDENTE PRUDENTE
354323,Ribeirao dos Indios,11,DRS XI - PRESIDENTE PRUDENTE,11,35112,Alta Sorocabana,21,PRESIDENTE PRUDENTE
354550,Sandovalina,11,DRS XI - PRESIDENTE PRUDENTE,11,35112,Alta Sorocabana,21,PRESIDENTE PRUDENTE
354770,Santo Anastacio,11,DRS XI - PRESIDENTE PRUDENTE,11,35112,Alta Sorocabana,21,PRESIDENTE PRUDENTE
354830,Santo Expedito,11,DRS XI - PRESIDENTE PRUDENTE,11,35112,Alta Sorocabana,21,PRESIDENTE PRUDENTE
355290,Taciba,11,DRS XI - PRESIDENTE PRUDENTE,11,35112,Alta Sorocabana,21,PRESIDENTE PRUDENTE
355390,Tarabai,11,DRS XI - PRESIDENTE PRUDENTE,11,35112,Alta Sorocabana,21,PRESIDENTE PRUDENTE
350910,Caiua,11,DRS XI - PRESIDENTE PRUDENTE,11,35114,Extremo Oeste Paulista,22,PRESIDENTE VENCESLAU
351440,Dracena,11,DRS XI - PRESIDENTE PRUDENTE,11,35111,Alta Paulista,22,PRESIDENTE VENCESLAU
351535,Euclides da Cunha Paulista,11,DRS XI - PRESIDENTE PRUDENTE,11,35115,Pontal do Paranapanema,22,PRESIDENTE VENCESLAU
351580,Flora Rica,11,DRS XI - PRESIDENTE PRUDENTE,11,35111,Alta Paulista,22,PRESIDENTE VENCESLAU
352160,Irapuru,11,DRS XI - PRESIDENTE PRUDENTE,11,35111,Alta Paulista,22,PRESIDENTE VENCESLAU
352600,Junqueiropolis,11,DRS XI - PRESIDENTE PRUDENTE,11,35111,Alta Paulista,22,PRESIDENTE VENCESLAU
352870,Maraba Paulista,11,DRS XI - PRESIDENTE PRUDENTE,11,35114,Extremo Oeste Paulista,22,PRESIDENTE VENCESLAU
353020,Mirante do Paranapanema,11,DRS XI - PRESIDENTE PRUDENTE,11,35115,Pontal do Paranapanema,22,PRESIDENTE VENCESLAU
353160,Monte Castelo,11,DRS XI - PRESIDENTE PRUDENTE,11,35111,Alta Paulista,22,PRESIDENTE VENCESLAU
353310,Nova Guataporanga,11,DRS XI - PRESIDENTE PRUDENTE,11,35111,Alta Paulista,22,PRESIDENTE VENCESLAU
353480,Ouro Verde,11,DRS XI - PRESIDENTE PRUDENTE,11,35111,Alta Paulista,22,PRESIDENTE VENCESLAU
353540,Panorama,11,DRS XI - PRESIDENTE PRUDENTE,11,35111,Alta Paulista,22,PRESIDENTE VENCESLAU
353640,Pauliceia,11,DRS XI - PRESIDENTE PRUDENTE,11,35111,Alta Paulista,22,PRESIDENTE VENCESLAU
353830,Piquerobi,11,DRS XI - PRESIDENTE PRUDENTE,11,35114,Extremo Oeste Paulista,22,PRESIDENTE VENCESLAU
354130,Presidente Epitacio,11,DRS XI - PRESIDENTE PRUDENTE,11,35114,Extremo Oeste Paulista,22,PRESIDENTE VENCESLAU
354150,Presidente Venceslau,11,DRS XI - PRESIDENTE PRUDENTE,11,35114,Extremo Oeste Paulista,22,PRESIDENTE VENCESLAU
354425,Rosana,11,DRS XI - PRESIDENTE PRUDENTE,11,35115,Pontal do Paranapanema,22,PRESIDENTE VENCESLAU
354710,Santa Mercedes,11,DRS XI - PRESIDENTE PRUDENTE,11,35111,Alta Paulista,22,PRESIDENTE VENCESLAU
354930,Sao Joao do Pau dAlho,11,DRS XI - PRESIDENTE PRUDENTE,11,35111,Alta Paulista,22,PRESIDENTE VENCESLAU
355430,Teodoro Sampaio,11,DRS XI - PRESIDENTE PRUDENTE,11,35115,Pontal do Paranapanema,22,PRESIDENTE VENCESLAU
355510,Tupi Paulista,11,DRS XI - PRESIDENTE PRUDENTE,11,35111,Alta Paulista,22,PRESIDENTE VENCESLAU
350540,Barra do Turvo,12,DRS XII - REGISTRO,7,35121,Vale do Ribeira,23,REGISTRO
350925,Cajati,12,DRS XII - REGISTRO,7,35121,Vale do Ribeira,23,REGISTRO
350990,Cananeia,12,DRS XII - REGISTRO,7,35121,Vale do Ribeira,23,REGISTRO
351480,Eldorado,12,DRS XII - REGISTRO,7,35121,Vale do Ribeira,23,REGISTRO
352030,Iguape,12,DRS XII - REGISTRO,7,35121,Vale do Ribeira,23,REGISTRO
352042,Ilha Comprida,12,DRS XII - REGISTRO,7,35121,Vale do Ribeira,23,REGISTRO
352120,Iporanga,12,DRS XII - REGISTRO,7,35121,Vale do Ribeira,23,REGISTRO
352330,Itariri,12,DRS XII - REGISTRO,7,35121,Vale do Ribeira,23,REGISTRO
352460,Jacupiranga,12,DRS XII - REGISTRO,7,35121,Vale do Ribeira,23,REGISTRO
352610,Juquia,12,DRS XII - REGISTRO,7,35121,Vale do Ribeira,23,REGISTRO
352990,Miracatu,12,DRS XII - REGISTRO,7,35121,Vale do Ribeira,23,REGISTRO
353620,Pariquera-Acu,12,DRS XII - REGISTRO,7,35121,Vale do Ribeira,23,REGISTRO
353720,Pedro de Toledo,12,DRS XII - REGISTRO,7,35121,Vale do Ribeira,23,REGISTRO
354260,Registro,12,DRS XII - REGISTRO,7,35121,Vale do Ribeira,23,REGISTRO
355180,Sete Barras,12,DRS XII - REGISTRO,7,35121,Vale do Ribeira,23,REGISTRO
350100,Altinopolis,13,DRS XIII - RIBEIRÃO PRETO,13,35133,Vale das Cachoeiras,24,RIBEIRÃO PRETO
350560,Barrinha,13,DRS XIII - RIBEIRÃO PRETO,13,35131,Horizonte Verde,24,RIBEIRÃO PRETO
350590,Batatais,13,DRS XIII - RIBEIRÃO PRETO,13,35133,Vale das Cachoeiras,24,RIBEIRÃO PRETO
350780,Brodowski,13,DRS XIII - RIBEIRÃO PRETO,13,35133,Vale das Cachoeiras,24,RIBEIRÃO PRETO
350940,Cajuru,13,DRS XIII - RIBEIRÃO PRETO,13,35133,Vale das Cachoeiras,24,RIBEIRÃO PRETO
351090,Cassia dos Coqueiros,13,DRS XIII - RIBEIRÃO PRETO,13,35133,Vale das Cachoeiras,24,RIBEIRÃO PRETO
351310,Cravinhos,13,DRS XIII - RIBEIRÃO PRETO,13,35132,Aquífero Guarani,24,RIBEIRÃO PRETO
351460,Dumont,13,DRS XIII - RIBEIRÃO PRETO,13,35131,Horizonte Verde,24,RIBEIRÃO PRETO
351860,Guariba,13,DRS XIII - RIBEIRÃO PRETO,13,35131,Horizonte Verde,24,RIBEIRÃO PRETO
351885,Guatapara,13,DRS XIII - RIBEIRÃO PRETO,13,35132,Aquífero Guarani,24,RIBEIRÃO PRETO
352430,Jaboticabal,13,DRS XIII - RIBEIRÃO PRETO,13,35131,Horizonte Verde,24,RIBEIRÃO PRETO
352510,Jardinopolis,13,DRS XIII - RIBEIRÃO PRETO,13,35132,Aquífero Guarani,24,RIBEIRÃO PRETO
352760,Luis Antonio,13,DRS XIII - RIBEIRÃO PRETO,13,35132,Aquífero Guarani,24,RIBEIRÃO PRETO
353130,Monte Alto,13,DRS XIII - RIBEIRÃO PRETO,13,35131,Horizonte Verde,24,RIBEIRÃO PRETO
353950,Pitangueiras,13,DRS XIII - RIBEIRÃO PRETO,13,35131,Horizonte Verde,24,RIBEIRÃO PRETO
354020,Pontal,13,DRS XIII - RIBEIRÃO PRETO,13,35131,Horizonte Verde,24,RIBEIRÃO PRETO
354090,Pradopolis,13,DRS XIII - RIBEIRÃO PRETO,13,35131,Horizonte Verde,24,RIBEIRÃO PRETO
354340,Ribeirao Preto,13,DRS XIII - RIBEIRÃO PRETO,13,35132,Aquífero Guarani,24,RIBEIRÃO PRETO
354625,Santa Cruz da Esperanca,13,DRS XIII - RIBEIRÃO PRETO,13,35133,Vale das Cachoeiras,24,RIBEIRÃO PRETO
354750,Santa Rita do Passa Quatro,13,DRS XIII - RIBEIRÃO PRETO,13,35132,Aquífero Guarani,24,RIBEIRÃO PRETO
354760,Santa Rosa de Viterbo,13,DRS XIII - RIBEIRÃO PRETO,13,35132,Aquífero Guarani,24,RIBEIRÃO PRETO
354790,Santo Antonio da Alegria,13,DRS XIII - RIBEIRÃO PRETO,13,35133,Vale das Cachoeiras,24,RIBEIRÃO PRETO
355090,Sao Simao,13,DRS XIII - RIBEIRÃO PRETO,13,35132,Aquífero Guarani,24,RIBEIRÃO PRETO
355140,Serra Azul,13,DRS XIII - RIBEIRÃO PRETO,13,35132,Aquífero Guarani,24,RIBEIRÃO PRETO
355150,Serrana,13,DRS XIII - RIBEIRÃO PRETO,13,35132,Aquífero Guarani,24,RIBEIRÃO PRETO
355170,Sertaozinho,13,DRS XIII - RIBEIRÃO PRETO,13,35131,Horizonte Verde,24,RIBEIRÃO PRETO
350635,Bertioga,4,DRS IV - BAIXADA SANTISTA,7,35041,Baixada Santista,25,SANTOS
351350,Cubatao,4,DRS IV - BAIXADA SANTISTA,7,35041,Baixada Santista,25,SANTOS
351870,Guaruja,4,DRS IV - BAIXADA SANTISTA,7,35041,Baixada Santista,25,SANTOS
352210,Itanhaem,4,DRS IV - BAIXADA SANTISTA,7,35041,Baixada Santista,25,SANTOS
353110,Mongagua,4,DRS IV - BAIXADA SANTISTA,7,35041,Baixada Santista,25,SANTOS
353760,Peruibe,4,DRS IV - BAIXADA SANTISTA,7,35041,Baixada Santista,25,SANTOS
354100,Praia Grande,4,DRS IV - BAIXADA SANTISTA,7,35041,Baixada Santista,25,SANTOS
354850,Santos,4,DRS IV - BAIXADA SANTISTA,7,35041,Baixada Santista,25,SANTOS
355100,Sao Vicente,4,DRS IV - BAIXADA SANTISTA,7,35041,Baixada Santista,25,SANTOS
350030,Aguai,14,DRS XIV - SÃO JOÃO DA BOA VISTA,15,35142,Mantiqueira,26,SÃO JOÃO DA BOA VISTA
350040,Aguas da Prata,14,DRS XIV - SÃO JOÃO DA BOA VISTA,15,35142,Mantiqueira,26,SÃO JOÃO DA BOA VISTA
350870,Caconde,14,DRS XIV - SÃO JOÃO DA BOA VISTA,15,35143,Rio Pardo,26,SÃO JOÃO DA BOA VISTA
351080,Casa Branca,14,DRS XIV - SÃO JOÃO DA BOA VISTA,15,35143,Rio Pardo,26,SÃO JOÃO DA BOA VISTA
351390,Divinolandia,14,DRS XIV - SÃO JOÃO DA BOA VISTA,15,35143,Rio Pardo,26,SÃO JOÃO DA BOA VISTA
351518,Espirito Santo do Pinhal,14,DRS XIV - SÃO JOÃO DA BOA VISTA,15,35142,Mantiqueira,26,SÃO JOÃO DA BOA VISTA
352260,Itapira,14,DRS XIV - SÃO JOÃO DA BOA VISTA,15,35141,Baixa Mogiana,26,SÃO JOÃO DA BOA VISTA
352380,Itobi,14,DRS XIV - SÃO JOÃO DA BOA VISTA,15,35143,Rio Pardo,26,SÃO JOÃO DA BOA VISTA
353050,Mococa,14,DRS XIV - SÃO JOÃO DA BOA VISTA,15,35143,Rio Pardo,26,SÃO JOÃO DA BOA VISTA
353070,Mogi Guacu,14,DRS XIV - SÃO JOÃO DA BOA VISTA,15,35141,Baixa Mogiana,26,SÃO JOÃO DA BOA VISTA
353080,Moji Mirim,14,DRS XIV - SÃO JOÃO DA BOA VISTA,15,35141,Baixa Mogiana,26,SÃO JOÃO DA BOA VISTA
354630,Santa Cruz das Palmeiras,14,DRS XIV - SÃO JOÃO DA BOA VISTA,15,35142,Mantiqueira,26,SÃO JOÃO DA BOA VISTA
354810,Santo Antonio do Jardim,14,DRS XIV - SÃO JOÃO DA BOA VISTA,15,35142,Mantiqueira,26,SÃO JOÃO DA BOA VISTA
354910,Sao Joao da Boa Vista,14,DRS XIV - SÃO JOÃO DA BOA VISTA,15,35142,Mantiqueira,26,SÃO JOÃO DA BOA VISTA
354970,Sao Jose do Rio Pardo,14,DRS XIV - SÃO JOÃO DA BOA VISTA,15,35143,Rio Pardo,26,SÃO JOÃO DA BOA VISTA
355080,Sao Sebastiao da Grama,14,DRS XIV - SÃO JOÃO DA BOA VISTA,15,35143,Rio Pardo,26,SÃO JOÃO DA BOA VISTA
355330,Tambau,14,DRS XIV - SÃO JOÃO DA BOA VISTA,15,35142,Mantiqueira,26,SÃO JOÃO DA BOA VISTA
355360,Tapiratiba,14,DRS XIV - SÃO JOÃO DA BOA VISTA,15,35143,Rio Pardo,26,SÃO JOÃO DA BOA VISTA
355640,Vargem Grande do Sul,14,DRS XIV - SÃO JOÃO DA BOA VISTA,15,35142,Mantiqueira,26,SÃO JOÃO DA BOA VISTA
355730,Estiva Gerbi,14,DRS XIV - SÃO JOÃO DA BOA VISTA,15,35141,Baixa Mogiana,26,SÃO JOÃO DA BOA VISTA
350850,Cacapava,17,DRS XVII - TAUBATÉ,17,35171,Alto Vale do Paraíba,27,SÃO JOSÉ DOS CAMPOS
352020,Igarata,17,DRS XVII - TAUBATÉ,17,35171,Alto Vale do Paraíba,27,SÃO JOSÉ DOS CAMPOS
352440,Jacarei,17,DRS XVII - TAUBATÉ,17,35171,Alto Vale do Paraíba,27,SÃO JOSÉ DOS CAMPOS
352490,Jambeiro,17,DRS XVII - TAUBATÉ,17,35171,Alto Vale do Paraíba,27,SÃO JOSÉ DOS CAMPOS
353170,Monteiro Lobato,17,DRS XVII - TAUBATÉ,17,35171,Alto Vale do Paraíba,27,SÃO JOSÉ DOS CAMPOS
353560,Paraibuna,17,DRS XVII - TAUBATÉ,17,35171,Alto Vale do Paraíba,27,SÃO JOSÉ DOS CAMPOS
354600,Santa Branca,17,DRS XVII - TAUBATÉ,17,35171,Alto Vale do Paraíba,27,SÃO JOSÉ DOS CAMPOS
354990,Sao Jose dos Campos,17,DRS XVII - TAUBATÉ,17,35171,Alto Vale do Paraíba,27,SÃO JOSÉ DOS CAMPOS
351050,Caraguatatuba,17,DRS XVII - TAUBATÉ,17,35173,Litoral Norte,28,CARAGUATATUBA
352040,Ilhabela,17,DRS XVII - TAUBATÉ,17,35173,Litoral Norte,28,CARAGUATATUBA
355070,Sao Sebastiao,17,DRS XVII - TAUBATÉ,17,35173,Litoral Norte,28,CARAGUATATUBA
355540,Ubatuba,17,DRS XVII - TAUBATÉ,17,35173,Litoral Norte,28,CARAGUATATUBA
350020,Adolfo,15,DRS XV - SÃO JOSÉ DO RIO PRETO,12,35156,José Bonifácio,29,SÃO JOSÉ DO RIO PRETO
350120,Alvares Florence,15,DRS XV - SÃO JOSÉ DO RIO PRETO,12,35157,Votuporanga,29,SÃO JOSÉ DO RIO PRETO
350180,Americo de Campos,15,DRS XV - SÃO JOSÉ DO RIO PRETO,12,35157,Votuporanga,29,SÃO JOSÉ DO RIO PRETO
350370,Ariranha,15,DRS XV - SÃO JOSÉ DO RIO PRETO,12,35151,Catanduva,29,SÃO JOSÉ DO RIO PRETO
350460,Bady Bassitt,15,DRS XV - SÃO JOSÉ DO RIO PRETO,12,35155,São José do Rio Preto,29,SÃO JOSÉ DO RIO PRETO
350480,Balsamo,15,DRS XV - SÃO JOSÉ DO RIO PRETO,12,35155,São José do Rio Preto,29,SÃO JOSÉ DO RIO PRETO
351070,Cardoso,15,DRS XV - SÃO JOSÉ DO RIO PRETO,12,35157,Votuporanga,29,SÃO JOSÉ DO RIO PRETO
351110,Catanduva,15,DRS XV - SÃO JOSÉ DO RIO PRETO,12,35151,Catanduva,29,SÃO JOSÉ DO RIO PRETO
351120,Catigua,15,DRS XV - SÃO JOSÉ DO RIO PRETO,12,35151,Catanduva,29,SÃO JOSÉ DO RIO PRETO
351130,Cedral,15,DRS XV - SÃO JOSÉ DO RIO PRETO,12,35155,São José do Rio Preto,29,SÃO JOSÉ DO RIO PRETO
351290,Cosmorama,15,DRS XV - SÃO JOSÉ DO RIO PRETO,12,35157,Votuporanga,29,SÃO JOSÉ DO RIO PRETO
351492,Elisiario,15,DRS XV - SÃO JOSÉ DO RIO PRETO,12,35151,Catanduva,29,SÃO JOSÉ DO RIO PRETO
351495,Embauba,15,DRS XV - SÃO JOSÉ DO RIO PRETO,12,35151,Catanduva,29,SÃO JOSÉ DO RIO PRETO
351560,Fernando Prestes,15,DRS XV - SÃO JOSÉ DO RIO PRETO,12,35151,Catanduva,29,SÃO JOSÉ DO RIO PRETO
351590,Floreal,15,DRS XV - SÃO JOSÉ DO RIO PRETO,12,35157,Votuporanga,29,SÃO JOSÉ DO RIO PRETO
351680,Gastao Vidigal,15,DRS XV - SÃO JOSÉ DO RIO PRETO,12,35157,Votuporanga,29,SÃO JOSÉ DO RIO PRETO
351690,General Salgado,15,DRS XV - SÃO JOSÉ DO RIO PRETO,12,35157,Votuporanga,29,SÃO JOSÉ DO RIO PRETO
351750,Guapiacu,15,DRS XV - SÃO JOSÉ DO RIO PRETO,12,35155,São José do Rio Preto,29,SÃO JOSÉ DO RIO PRETO
351940,Ibira,15,DRS XV - SÃO JOSÉ DO RIO PRETO,12,35155,São José do Rio Preto,29,SÃO JOSÉ DO RIO PRETO
351980,Icem,15,DRS XV - SÃO JOSÉ DO RIO PRETO,12,35155,São José do Rio Preto,29,SÃO JOSÉ DO RIO PRETO
352115,Ipigua,15,DRS XV - SÃO JOSÉ DO RIO PRETO,12,35155,São José do Rio Preto,29,SÃO JOSÉ DO RIO PRETO
352150,Irapua,15,DRS XV - SÃO JOSÉ DO RIO PRETO,12,35151,Catanduva,29,SÃO JOSÉ DO RIO PRETO
352190,Itajobi,15,DRS XV - SÃO JOSÉ DO RIO PRETO,12,35151,Catanduva,29,SÃO JOSÉ DO RIO PRETO
352450,Jaci,15,DRS XV - SÃO JOSÉ DO RIO PRETO,12,35156,José Bonifácio,29,SÃO JOSÉ DO RIO PRETO
352570,Jose Bonifacio,15,DRS XV - SÃO JOSÉ DO RIO PRETO,12,35156,José Bonifácio,29,SÃO JOSÉ DO RIO PRETO
352810,Macaubal,15,DRS XV - SÃO JOSÉ DO RIO PRETO,12,35157,Votuporanga,29,SÃO JOSÉ DO RIO PRETO
352830,Magda,15,DRS XV - SÃO JOSÉ DO RIO PRETO,12,35157,Votuporanga,29,SÃO JOSÉ DO RIO PRETO
352885,Marapoama,15,DRS XV - SÃO JOSÉ DO RIO PRETO,12,35151,Catanduva,29,SÃO JOSÉ DO RIO PRETO
352950,Mendonca,15,DRS XV - SÃO JOSÉ DO RIO PRETO,12,35156,José Bonifácio,29,SÃO JOSÉ DO RIO PRETO
353030,Mirassol,15,DRS XV - SÃO JOSÉ DO RIO PRETO,12,35155,São José do Rio Preto,29,SÃO JOSÉ DO RIO PRETO
353040,Mirassolandia,15,DRS XV - SÃO JOSÉ DO RIO PRETO,12,35155,São José do Rio Preto,29,SÃO JOSÉ DO RIO PRETO
353100,Moncoes,15,DRS XV - SÃO JOSÉ DO RIO PRETO,12,35157,Votuporanga,29,SÃO JOSÉ DO RIO PRETO
353140,Monte Aprazivel,15,DRS XV - SÃO JOSÉ DO RIO PRETO,12,35156,José Bonifácio,29,SÃO JOSÉ DO RIO PRETO
353250,Neves Paulista,15,DRS XV - SÃO JOSÉ DO RIO PRETO,12,35155,São José do Rio Preto,29,SÃO JOSÉ DO RIO PRETO
353260,Nhandeara,15,DRS XV - SÃO JOSÉ DO RIO PRETO,12,35157,Votuporanga,29,SÃO JOSÉ DO RIO PRETO
353270,Nipoa,15,DRS XV - SÃO JOSÉ DO RIO PRETO,12,35156,Jose Bonifacio,29,SÃO JOSÉ DO RIO PRETO
353280,Nova Alianca,15,DRS XV - SÃO JOSÉ DO RIO PRETO,12,35155,São José do Rio Preto,29,SÃO JOSÉ DO RIO PRETO
353300,Nova Granada,15,DRS XV - SÃO JOSÉ DO RIO PRETO,12,35155,São José do Rio Preto,29,SÃO JOSÉ DO RIO PRETO
353325,Novais,15,DRS XV - SÃO JOSÉ DO RIO PRETO,12,35151,Catanduva,29,SÃO JOSÉ DO RIO PRETO
353350,Novo Horizonte,15,DRS XV - SÃO JOSÉ DO RIO PRETO,12,35151,Catanduva,29,SÃO JOSÉ DO RIO PRETO
353400,Onda Verde,15,DRS XV - SÃO JOSÉ DO RIO PRETO,12,35155,São José do Rio Preto,29,SÃO JOSÉ DO RIO PRETO
353420,Orindiuva,15,DRS XV - SÃO JOSÉ DO RIO PRETO,12,35155,São José do Rio Preto,29,SÃO JOSÉ DO RIO PRETO
353500,Palestina,15,DRS XV - SÃO JOSÉ DO RIO PRETO,12,35155,São José do Rio Preto,29,SÃO JOSÉ DO RIO PRETO
353510,Palmares Paulista,15,DRS XV - SÃO JOSÉ DO RIO PRETO,12,35151,Catanduva,29,SÃO JOSÉ DO RIO PRETO
353570,Paraiso,15,DRS XV - SÃO JOSÉ DO RIO PRETO,12,35151,Catanduva,29,SÃO JOSÉ DO RIO PRETO
353625,Parisi,15,DRS XV - SÃO JOSÉ DO RIO PRETO,12,35157,Votuporanga,29,SÃO JOSÉ DO RIO PRETO
353660,Paulo de Faria,15,DRS XV - SÃO JOSÉ DO RIO PRETO,12,35155,São José do Rio Preto,29,SÃO JOSÉ DO RIO PRETO
353810,Pindorama,15,DRS XV - SÃO JOSÉ DO RIO PRETO,12,35151,Catanduva,29,SÃO JOSÉ DO RIO PRETO
353900,Pirangi,15,DRS XV - SÃO JOSÉ DO RIO PRETO,12,35151,Catanduva,29,SÃO JOSÉ DO RIO PRETO
353960,Planalto,15,DRS XV - SÃO JOSÉ DO RIO PRETO,12,35156,José Bonifácio,29,SÃO JOSÉ DO RIO PRETO
353990,Poloni,15,DRS XV - SÃO JOSÉ DO RIO PRETO,12,35156,José Bonifácio,29,SÃO JOSÉ DO RIO PRETO
354030,Pontes Gestal,15,DRS XV - SÃO JOSÉ DO RIO PRETO,12,35157,Votuporanga,29,SÃO JOSÉ DO RIO PRETO
354080,Potirendaba,15,DRS XV - SÃO JOSÉ DO RIO PRETO,12,35155,São José do Rio Preto,29,SÃO JOSÉ DO RIO PRETO
354420,Riolandia,15,DRS XV - SÃO JOSÉ DO RIO PRETO,12,35157,Votuporanga,29,SÃO JOSÉ DO RIO PRETO
354480,Sales,15,DRS XV - SÃO JOSÉ DO RIO PRETO,12,35151,Catanduva,29,SÃO JOSÉ DO RIO PRETO
354560,Santa Adelia,15,DRS XV - SÃO JOSÉ DO RIO PRETO,12,35151,Catanduva,29,SÃO JOSÉ DO RIO PRETO
354980,Sao Jose do Rio Preto,15,DRS XV - SÃO JOSÉ DO RIO PRETO,12,35155,São José do Rio Preto,29,SÃO JOSÉ DO RIO PRETO
355130,Sebastianopolis do Sul,15,DRS XV - SÃO JOSÉ DO RIO PRETO,12,35157,Votuporanga,29,SÃO JOSÉ DO RIO PRETO
355260,Tabapua,15,DRS XV - SÃO JOSÉ DO RIO PRETO,12,35151,Catanduva,29,SÃO JOSÉ DO RIO PRETO
355340,Tanabi,15,DRS XV - SÃO JOSÉ DO RIO PRETO,12,35155,São José do Rio Preto,29,SÃO JOSÉ DO RIO PRETO
355535,Ubarana,15,DRS XV - SÃO JOSÉ DO RIO PRETO,12,35156,José Bonifácio,29,SÃO JOSÉ DO RIO PRETO
355560,Uchoa,15,DRS XV - SÃO JOSÉ DO RIO PRETO,12,35155,São José do Rio Preto,29,SÃO JOSÉ DO RIO PRETO
355570,Uniao Paulista,15,DRS XV - SÃO JOSÉ DO RIO PRETO,12,35156,José Bonifácio,29,SÃO JOSÉ DO RIO PRETO
355600,Urupes,15,DRS XV - SÃO JOSÉ DO RIO PRETO,12,35151,Catanduva,29,SÃO JOSÉ DO RIO PRETO
355610,Valentim Gentil,15,DRS XV - SÃO JOSÉ DO RIO PRETO,12,35157,Votuporanga,29,SÃO JOSÉ DO RIO PRETO
355710,Votuporanga,15,DRS XV - SÃO JOSÉ DO RIO PRETO,12,35157,Votuporanga,29,SÃO JOSÉ DO RIO PRETO
355715,Zacarias,15,DRS XV - SÃO JOSÉ DO RIO PRETO,12,35156,José Bonifácio,29,SÃO JOSÉ DO RIO PRETO
350260,Aparecida dOeste,15,DRS XV - SÃO JOSÉ DO RIO PRETO,12,35153,Jales,30,JALES
350395,Aspasia,15,DRS XV - SÃO JOSÉ DO RIO PRETO,12,35153,Jales,30,JALES
351385,Dirce Reis,15,DRS XV - SÃO JOSÉ DO RIO PRETO,12,35153,Jales,30,JALES
351420,Dolcinopolis,15,DRS XV - SÃO JOSÉ DO RIO PRETO,12,35153,Jales,30,JALES
351520,Estrela dOeste,15,DRS XV - SÃO JOSÉ DO RIO PRETO,12,35154,Fernandópolis,30,JALES
351550,Fernandopolis,15,DRS XV - SÃO JOSÉ DO RIO PRETO,12,35154,Fernandópolis,30,JALES
351800,Guarani dOeste,15,DRS XV - SÃO JOSÉ DO RIO PRETO,12,35154,Fernandópolis,30,JALES
352070,Indiapora,15,DRS XV - SÃO JOSÉ DO RIO PRETO,12,35154,Fernandópolis,30,JALES
352480,Jales,15,DRS XV - SÃO JOSÉ DO RIO PRETO,12,35153,Jales,30,JALES
352820,Macedonia,15,DRS XV - SÃO JOSÉ DO RIO PRETO,12,35154,Fernandópolis,30,JALES
352910,Marinopolis,15,DRS XV - SÃO JOSÉ DO RIO PRETO,12,35153,Jales,30,JALES
352960,Meridiano,15,DRS XV - SÃO JOSÉ DO RIO PRETO,12,35154,Fernandópolis,30,JALES
352965,Mesopolis,15,DRS XV - SÃO JOSÉ DO RIO PRETO,12,35153,Jales,30,JALES
353000,Mira Estrela,15,DRS XV - SÃO JOSÉ DO RIO PRETO,12,35154,Fernandópolis,30,JALES
353284,Nova Canaa Paulista,15,DRS XV - SÃO JOSÉ DO RIO PRETO,12,35152,Santa Fé do Sul,30,JALES
353475,Ouroeste,15,DRS XV - SÃO JOSÉ DO RIO PRETO,12,35154,Fernandópolis,30,JALES
353520,Palmeira dOeste,15,DRS XV - SÃO JOSÉ DO RIO PRETO,12,35153,Jales,30,JALES
353590,Paranapua,15,DRS XV - SÃO JOSÉ DO RIO PRETO,12,35153,Jales,30,JALES
353690,Pedranopolis,15,DRS XV - SÃO JOSÉ DO RIO PRETO,12,35154,Fernandópolis,30,JALES
354025,Pontalinda,15,DRS XV - SÃO JOSÉ DO RIO PRETO,12,35153,Jales,30,JALES
354040,Populina,15,DRS XV - SÃO JOSÉ DO RIO PRETO,12,35154,Fernandópolis,30,JALES
354450,Rubineia,15,DRS XV - SÃO JOSÉ DO RIO PRETO,12,35152,Santa Fé do Sul,30,JALES
354570,Santa Albertina,15,DRS XV - SÃO JOSÉ DO RIO PRETO,12,35153,Jales,30,JALES
354610,Santa Clara dOeste,15,DRS XV - SÃO JOSÉ DO RIO PRETO,12,35152,Santa Fé do Sul,30,JALES
354660,Santa Fe do Sul,15,DRS XV - SÃO JOSÉ DO RIO PRETO,12,35152,Santa Fé do Sul,30,JALES
354720,Santana da Ponte Pensa,15,DRS XV - SÃO JOSÉ DO RIO PRETO,12,35153,Jales,30,JALES
354740,Santa Rita dOeste,15,DRS XV - SÃO JOSÉ DO RIO PRETO,12,35152,Santa Fé do Sul,30,JALES
354765,Santa Salete,15,DRS XV - SÃO JOSÉ DO RIO PRETO,12,35153,Jales,30,JALES
354900,Sao Francisco,15,DRS XV - SÃO JOSÉ DO RIO PRETO,12,35153,Jales,30,JALES
354920,Sao Joao das Duas Pontes,15,DRS XV - SÃO JOSÉ DO RIO PRETO,12,35154,Fernandópolis,30,JALES
354925,Sao Joao de Iracema,15,DRS XV - SÃO JOSÉ DO RIO PRETO,12,35154,Fernandópolis,30,JALES
355490,Tres Fronteiras,15,DRS XV - SÃO JOSÉ DO RIO PRETO,12,35152,Santa Fé do Sul,30,JALES
355530,Turmalina,15,DRS XV - SÃO JOSÉ DO RIO PRETO,12,35154,Fernandópolis,30,JALES
355580,Urania,15,DRS XV - SÃO JOSÉ DO RIO PRETO,12,35153,Jales,30,JALES
355695,Vitoria Brasil,15,DRS XV - SÃO JOSÉ DO RIO PRETO,12,35153,Jales,30,JALES
350075,Alambari,16,DRS XVI - SOROCABA,8,35161,Itapetininga,31,SOROCABA
350115,Aluminio,16,DRS XVI - SOROCABA,8,35163,Sorocaba,31,SOROCABA
350220,Angatuba,16,DRS XVI - SOROCABA,8,35161,Itapetininga,31,SOROCABA
350275,Aracariguama,16,DRS XVI - SOROCABA,8,35163,Sorocaba,31,SOROCABA
350290,Aracoiaba da Serra,16,DRS XVI - SOROCABA,8,35163,Sorocaba,31,SOROCABA
350700,Boituva,16,DRS XVI - SOROCABA,8,35163,Sorocaba,31,SOROCABA
350945,Campina do Monte Alegre,16,DRS XVI - SOROCABA,8,35161,Itapetininga,31,SOROCABA
351020,Capao Bonito,16,DRS XVI - SOROCABA,8,35161,Itapetininga,31,SOROCABA
351030,Capela do Alto,16,DRS XVI - SOROCABA,8,35163,Sorocaba,31,SOROCABA
351150,Cerquilho,16,DRS XVI - SOROCABA,8,35161,Itapetininga,31,SOROCABA
351160,Cesario Lange,16,DRS XVI - SOROCABA,8,35161,Itapetininga,31,SOROCABA
351850,Guarei,16,DRS XVI - SOROCABA,8,35161,Itapetininga,31,SOROCABA
351970,Ibiuna,16,DRS XVI - SOROCABA,8,35163,Sorocaba,31,SOROCABA
352100,Ipero,16,DRS XVI - SOROCABA,8,35163,Sorocaba,31,SOROCABA
352230,Itapetininga,16,DRS XVI - SOROCABA,8,35161,Itapetininga,31,SOROCABA
352390,Itu,16,DRS XVI - SOROCABA,8,35163,Sorocaba,31,SOROCABA
352585,Jumirim,16,DRS XVI - SOROCABA,8,35163,Sorocaba,31,SOROCABA
352840,Mairinque,16,DRS XVI - SOROCABA,8,35163,Sorocaba,31,SOROCABA
353780,Piedade,16,DRS XVI - SOROCABA,8,35163,Sorocaba,31,SOROCABA
353790,Pilar do Sul,16,DRS XVI - SOROCABA,8,35163,Sorocaba,31,SOROCABA
354060,Porto Feliz,16,DRS XVI - SOROCABA,8,35163,Sorocaba,31,SOROCABA
354165,Quadra,16,DRS XVI - SOROCABA,8,35161,Itapetininga,31,SOROCABA
354325,Ribeirao Grande,16,DRS XVI - SOROCABA,8,35161,Itapetininga,31,SOROCABA
354520,Salto,16,DRS XVI - SOROCABA,8,35163,Sorocaba,31,SOROCABA
354530,Salto de Pirapora,16,DRS XVI - SOROCABA,8,35163,Sorocaba,31,SOROCABA
355020,Sao Miguel Arcanjo,16,DRS XVI - SOROCABA,8,35161,Itapetininga,31,SOROCABA
355060,Sao Roque,16,DRS XVI - SOROCABA,8,35163,Sorocaba,31,SOROCABA
355110,Sarapui,16,DRS XVI - SOROCABA,8,35161,Itapetininga,31,SOROCABA
355220,Sorocaba,16,DRS XVI - SOROCABA,8,35163,Sorocaba,31,SOROCABA
355350,Tapirai,16,DRS XVI - SOROCABA,8,35163,Sorocaba,31,SOROCABA
355400,Tatui,16,DRS XVI - SOROCABA,8,35161,Itapetininga,31,SOROCABA
355450,Tiete,16,DRS XVI - SOROCABA,8,35163,Sorocaba,31,SOROCABA
355700,Votorantim,16,DRS XVI - SOROCABA,8,35163,Sorocaba,31,SOROCABA
350270,Apiai,16,DRS XVI - SOROCABA,8,35162,Itapeva,32,ITAPEVA
350535,Barra do Chapeu,16,DRS XVI - SOROCABA,8,35162,Itapeva,32,ITAPEVA
350715,Bom Sucesso de Itarare,16,DRS XVI - SOROCABA,8,35162,Itapeva,32,ITAPEVA
350800,Buri,16,DRS XVI - SOROCABA,8,35162,Itapeva,32,ITAPEVA
351760,Guapiara,16,DRS XVI - SOROCABA,8,35162,Itapeva,32,ITAPEVA
352170,Itabera,16,DRS XVI - SOROCABA,8,35162,Itapeva,32,ITAPEVA
352215,Itaoca,16,DRS XVI - SOROCABA,8,35162,Itapeva,32,ITAPEVA
352240,Itapeva,16,DRS XVI - SOROCABA,8,35162,Itapeva,32,ITAPEVA
352265,Itapirapua Paulista,16,DRS XVI - SOROCABA,8,35162,Itapeva,32,ITAPEVA
352320,Itarare,16,DRS XVI - SOROCABA,8,35162,Itapeva,32,ITAPEVA
353282,Nova Campina,16,DRS XVI - SOROCABA,8,35162,Itapeva,32,ITAPEVA
354280,Ribeira,16,DRS XVI - SOROCABA,8,35162,Itapeva,32,ITAPEVA
354300,Ribeirao Branco,16,DRS XVI - SOROCABA,8,35162,Itapeva,32,ITAPEVA
354350,Riversul,16,DRS XVI - SOROCABA,8,35162,Itapeva,32,ITAPEVA
355385,Taquarivai,16,DRS XVI - SOROCABA,8,35162,Itapeva,32,ITAPEVA
350250,Aparecida,17,DRS XVII - TAUBATÉ,17,35172,Circuito da Fé e Vale Histórico,33,TAUBATÉ
350315,Arapei,17,DRS XVII - TAUBATÉ,17,35172,Circuito da Fé e Vale Histórico,33,TAUBATÉ
350350,Areias,17,DRS XVII - TAUBATÉ,17,35172,Circuito da Fé e Vale Histórico,33,TAUBATÉ
350490,Bananal,17,DRS XVII - TAUBATÉ,17,35172,Circuito da Fé e Vale Histórico,33,TAUBATÉ
350860,Cachoeira Paulista,17,DRS XVII - TAUBATÉ,17,35172,Circuito da Fé e Vale Histórico,33,TAUBATÉ
350970,Campos do Jordao,17,DRS XVII - TAUBATÉ,17,35174,Vale do Paraiba - Região Serrana,33,TAUBATÉ
350995,Canas,17,DRS XVII - TAUBATÉ,17,35172,Circuito da Fé e Vale Histórico,33,TAUBATÉ
351340,Cruzeiro,17,DRS XVII - TAUBATÉ,17,35172,Circuito da Fé e Vale Histórico,33,TAUBATÉ
351360,Cunha,17,DRS XVII - TAUBATÉ,17,35172,Circuito da Fé e Vale Histórico,33,TAUBATÉ
351840,Guaratingueta,17,DRS XVII - TAUBATÉ,17,35172,Circuito da Fé e Vale Histórico,33,TAUBATÉ
352630,Lagoinha,17,DRS XVII - TAUBATÉ,17,35174,Vale do Paraiba - Região Serrana,33,TAUBATÉ
352660,Lavrinhas,17,DRS XVII - TAUBATÉ,17,35172,Circuito da Fé e Vale Histórico,33,TAUBATÉ
352720,Lorena,17,DRS XVII - TAUBATÉ,17,35172,Circuito da Fé e Vale Histórico,33,TAUBATÉ
353230,Natividade da Serra,17,DRS XVII - TAUBATÉ,17,35174,Vale do Paraiba - Região Serrana,33,TAUBATÉ
353800,Pindamonhangaba,17,DRS XVII - TAUBATÉ,17,35174,Vale do Paraiba - Região Serrana,33,TAUBATÉ
353850,Piquete,17,DRS XVII - TAUBATÉ,17,35172,Circuito da Fé e Vale Histórico,33,TAUBATÉ
354075,Potim,17,DRS XVII - TAUBATÉ,17,35172,Circuito da Fé e Vale Histórico,33,TAUBATÉ
354190,Queluz,17,DRS XVII - TAUBATÉ,17,35172,Circuito da Fé e Vale Histórico,33,TAUBATÉ
354230,Redencao da Serra,17,DRS XVII - TAUBATÉ,17,35174,Vale do Paraiba - Região Serrana,33,TAUBATÉ
354430,Roseira,17,DRS XVII - TAUBATÉ,17,35172,Circuito da Fé e Vale Histórico,33,TAUBATÉ
354820,Santo Antonio do Pinhal,17,DRS XVII - TAUBATÉ,17,35174,Vale do Paraiba - Região Serrana,33,TAUBATÉ
354860,Sao Bento do Sapucai,17,DRS XVII - TAUBATÉ,17,35174,Vale do Paraiba - Região Serrana,33,TAUBATÉ
354960,Sao Jose do Barreiro,17,DRS XVII - TAUBATÉ,17,35172,Circuito da Fé e Vale Histórico,33,TAUBATÉ
355000,Sao Luis do Paraitinga,17,DRS XVII - TAUBATÉ,17,35174,Vale do Paraiba - Região Serrana,33,TAUBATÉ
355200,Silveiras,17,DRS XVII - TAUBATÉ,17,35172,Circuito da Fé e Vale Histórico,33,TAUBATÉ
355410,Taubate,17,DRS XVII - TAUBATÉ,17,35174,Vale do Paraiba - Região Serrana,33,TAUBATÉ
355480,Tremembe,17,DRS XVII - TAUBATÉ,17,35174,Vale do Paraiba - Região Serrana,33,TAUBATÉ